sequence id,Genotyping Precursor Polyprotein,Genotyping CORE,Genotyping E1,Genotyping E2,Genotyping P7,Genotyping NS2,Genotyping NS3,Genotyping NS4A,Genotyping NS4B,Genotyping NS5A,Genotyping NS5B
AB622121,1,2b,2b,2b,2b,2b,1b,1b,1b,1b,1b
AB677527,1,2b,2b,2b,2b,2b,1b,1b,1b,1b,1b
AB677530,1b,2b,2b,2b,2b,2b,1b,1b,1b,1b,1b
AM408911,,2j,2,2,2_unassigned_JF735117,2,,5,5,5,5
AY587845,1b,2k,2k,2k,2k,2,1b,1b,1b,1b,1b
DQ155560,6,2i,2i,2i,2i,2i,6p,6p,6p,6p,6p
DQ364460,1,2b,2b,2b,2b,2b,1b,1b,1b,1b,1b
EU643835,6w,2b,2b,2b,2b,2b,6w,6w,6w,6w,6w
JF779679,1a,2b,2b,2b,2b,2b,1a,1a,1a,1a,1a
